"Category","Page"
"Group","The Beatles"
"Person","John Lennon"
"Person","Paul McCartney"
"Person","George Harrison"
"Person","Ringo Starr"
"Person","Stuart Sutcliffe"
"Person","Pete Best"
"Person","Fifth Beatle"
"Organization","Abbey Road Studios"
"Organization","Apple Records"
"Person","Neil Aspinall"
"Person","Peter Brown (music industry)"
"Person","Dave Dexter, Jr."
"Person","Lee Eastman"
"Person","Geoff Emerick"
"Person","Brian Epstein"
"Person","Mal Evans"
"Person","Dick James"
"Person","Allen Klein"
"Person","Jeff Lynne"
"Person","George Martin"
"Person","Giles Martin"
"Person","Ken Scott"
"Person","Norman Smith (record producer)"
"Person","Phil Spector"
"Person","Alistair Taylor"
"Person","Derek Taylor"
"Person","Chris Thomas (record producer)"
"Person","Allan Williams"
"Group","The Quarrymen"
"Album","Please Please Me"
"Album","With the Beatles"
"Album","Introducing... The Beatles"
"Album","Meet the Beatles!"
"Album","The Beatles' Second Album"
"Album","A Hard Day's Night (album)"
"Album","Something New (album)"
"Album","The Beatles' Story"
"Album","Beatles for Sale"
"Album","Beatles '65"
"Album","The Early Beatles"
"Album","Beatles VI"
"Album","Help! (album)"
"Album","Rubber Soul"
"Album","Yesterday and Today"
"Album","Revolver (Beatles album)"
"Album","Sgt. Pepper's Lonely Hearts Club Band"
"Album","Magical Mystery Tour"
"Album","The Beatles (album)"
"Album","Yellow Submarine (album)"
"Album","Abbey Road"
"Album","Hey Jude (album)"
"Album","Let It Be"
"Album","1 (Beatles album)"
"Album","Love (Beatles album)"
"Song","Love Me Do"
"Song","P.S. I Love You (Beatles song)"
"Song","Please Please Me (song)"
"Song","From Me to You"
"Song","Thank You Girl"
"Song","She Loves You"
"Song","I'll Get You"
"Song","I Want to Hold Your Hand"
"Song","Can't Buy Me Love"
"Song","You Can't Do That"
"Song","A Hard Day's Night (song)"
"Song","Things We Said Today"
"Song","I Feel Fine"
"Song","She's a Woman"
"Song","Ticket to Ride"
"Song","Yes It Is"
"Song","Help! (song)"
"Song","I'm Down"
"Song","Day Tripper"
"Song","We Can Work It Out"
"Song","Paperback Writer"
"Song","Rain (Beatles song)"
"Song","Yellow Submarine (song)"
"Song","Eleanor Rigby"
"Song","Penny Lane"
"Song","Strawberry Fields Forever"
"Song","All You Need Is Love"
"Song","Baby, You're a Rich Man"
"Song","Hello, Goodbye"
"Song","I Am the Walrus"
"Song","Lady Madonna"
"Song","The Inner Light (song)"
"Song","Hey Jude"
"Song","Revolution (Beatles song)"
"Song","Get Back"
"Song","Don't Let Me Down (Beatles song)"
"Song","The Ballad of John and Yoko"
"Song","Old Brown Shoe"
"Song","Something (Beatles song)"
"Song","Come Together"
"Song","Let It Be (song)"
"Song","You Know My Name (Look Up the Number)"
"Song","Yesterday (Beatles song)"
"Song","I Should Have Known Better"
"Song","Back in the U.S.S.R."
"Song","Twist and Shout"
"Song","Sgt. Pepper's Lonely Hearts Club Band (song)"
"Song","With a Little Help from My Friends"
"Song","A Day in the Life"
"Song","The Beatles Movie Medley"
"Song","I'm Happy Just to Dance with You"
"Song","Free as a Bird"
"Song","I Saw Her Standing There"
"Song","This Boy"
"Song","Real Love (The Beatles song)"
"Song","Misery (Beatles song)"
"Song","Anna (Go to Him)"
"Song","Chains (Cookies song)"
"Song","Boys (The Shirelles song)"
"Song","Ask Me Why"
"Song","Baby It's You"
"Song","Do You Want to Know a Secret"
"Song","A Taste of Honey (song)"
"Song","There's a Place"
"Song","It Won't Be Long"
"Song","All I've Got to Do"
"Song","All My Loving"
"Song","Don't Bother Me"
"Song","Little Child"
"Song","Till There Was You"
"Song","Please Mr. Postman"
"Song","Roll Over Beethoven"
"Song","Hold Me Tight"
"Song","You've Really Got a Hold on Me"
"Song","I Wanna Be Your Man"
"Song","Devil in His Heart"
"Song","Not a Second Time"
"Song","Money (That's What I Want)"
"Song","If I Fell"
"Song","And I Love Her"
"Song","Tell Me Why (Beatles song)"
"Song","Any Time at All"
"Song","I'll Cry Instead"
"Song","When I Get Home"
"Song","I'll Be Back (song)"
"Song","No Reply (song)"
"Song","I'm a Loser"
"Song","Baby's in Black"
"Song","Rock and Roll Music"
"Song","I'll Follow the Sun"
"Song","Mr. Moonlight (song)"
"Song","Kansas City (Leiber and Stoller song)"
"Song","Hey-Hey-Hey-Hey!"
"Song","Eight Days a Week"
"Song","Words of Love"
"Song","Honey Don't"
"Song","Every Little Thing (Beatles song)"
"Song","I Don't Want to Spoil the Party"
"Song","What You're Doing"
"Song","Everybody's Trying to Be My Baby"
"Song","The Night Before (song)"
"Song","You've Got to Hide Your Love Away"
"Song","I Need You (Beatles song)"
"Song","Another Girl"
"Song","You're Going to Lose That Girl"
"Song","Act Naturally"
"Song","It's Only Love"
"Song","You Like Me Too Much"
"Song","Tell Me What You See"
"Song","I've Just Seen a Face"
"Song","Dizzy, Miss Lizzy"
"Song","Drive My Car"
"Song","Norwegian Wood (This Bird Has Flown)"
"Song","You Won't See Me"
"Song","Nowhere Man (song)"
"Song","Think for Yourself"
"Song","The Word (song)"
"Song","Michelle (song)"
"Song","What Goes On (Beatles song)"
"Song","Girl (Beatles song)"
"Song","I'm Looking Through You"
"Song","In My Life"
"Song","Wait (Beatles song)"
"Song","If I Needed Someone"
"Song","Run for Your Life"
"Song","Taxman"
"Song","I'm Only Sleeping"
"Song","Love You To"
"Song","Here, There and Everywhere"
"Song","She Said She Said"
"Song","Good Day Sunshine"
"Song","And Your Bird Can Sing"
"Song","For No One"
"Song","Doctor Robert"
"Song","I Want to Tell You"
"Song","Got to Get You into My Life"
"Song","Tomorrow Never Knows"
"Song","Lucy in the Sky with Diamonds"
"Song","Getting Better"
"Song","Fixing a Hole"
"Song","She's Leaving Home"
"Song","Being for the Benefit of Mr. Kite!"
"Song","Within You Without You"
"Song","When I'm Sixty-Four"
"Song","Lovely Rita"
"Song","Good Morning Good Morning"
"Song","Magical Mystery Tour (song)"
"Song","The Fool on the Hill"
"Song","Flying (Beatles instrumental)"
"Song","Blue Jay Way"
"Song","Your Mother Should Know"
"Song","Dear Prudence"
"Song","Glass Onion"
"Song","Ob-La-Di, Ob-La-Da"
"Song","Wild Honey Pie"
"Song","The Continuing Story of Bungalow Bill"
"Song","While My Guitar Gently Weeps"
"Song","Happiness Is a Warm Gun"
"Song","Martha My Dear"
"Song","I'm So Tired"
"Song","Blackbird (Beatles song)"
"Song","Piggies"
"Song","Rocky Raccoon"
"Song","Don't Pass Me By"
"Song","Why Don't We Do It in the Road?"
"Song","I Will"
"Song","Julia (Beatles song)"
"Song","Birthday (Beatles song)"
"Song","Yer Blues"
"Song","Mother Nature's Son"
"Song","Everybody's Got Something to Hide Except Me and My Monkey"
"Song","Sexy Sadie"
"Song","Helter Skelter (song)"
"Song","Long, Long, Long"
"Song","Honey Pie"
"Song","Savoy Truffle"
"Song","Cry Baby Cry"
"Song","Revolution 9"
"Song","Good Night (Beatles song)"
"Song","Only a Northern Song"
"Song","All Together Now"
"Song","Hey Bulldog"
"Song","It's All Too Much"
"Song","Two of Us (song)"
"Song","Dig a Pony"
"Song","Across the Universe"
"Song","I Me Mine"
"Song","Dig It (Beatles song)"
"Song","Maggie May (folk song)"
"Song","I've Got a Feeling"
"Song","One After 909"
"Song","The Long and Winding Road"
"Song","For You Blue"
"Song","Maxwell's Silver Hammer"
"Song","Oh! Darling"
"Song","Octopus's Garden"
"Song","I Want You (She's So Heavy)"
"Song","Here Comes the Sun"
"Song","Because (Beatles song)"
"Song","You Never Give Me Your Money"
"Song","Sun King (song)"
"Song","Mean Mr. Mustard"
"Song","Polythene Pam"
"Song","She Came In Through the Bathroom Window"
"Song","Golden Slumbers"
"Song","Carry That Weight"
"Song","The End (Beatles song)"
"Song","Her Majesty (song)"
"Song","Komm, gib mir deine Hand/Sie liebt dich"
"Film","A Hard Day's Night (film)"
"Film","Help! (film)"
"Film","Magical Mystery Tour (film)"
"Film","Yellow Submarine (film)"
"Film","Let It Be (film)"
